article,summary1,summary2
"uttarakhand disaster  the first list of 115 people of 9 states missing in chamoli disaster of uttarakhand released  uttarakhand disaster  seven years of kedarnath tragedy  patience of the mountains of uttarakhand was broken again.
on sunday  there was a devastation due to glacier breakdown in rani village near tapovan in chamoli district.
the bodies of 18 people killed in the disaster have been recovered.
on the other hand  looking for about 202 persons of uttarakhand  uttar pradesh  jharkhand  bihar  punjab  west bengal  nepal  jammu and kashmir and odisha.
today  monday  administration has issued the first list of missing 115 people.
also 7 missing people are currently unknown.
the list of missing people is the highest people of up and bihar.
on sunday  the itbp jawans had taken 12 workers out.
see below the name and state of missing people in disaster  uttarakhand s missing people  1.
treason singh  tehri garhwal  2.
anil kumar  tehri garhwal  3.
vinod singh  tehri garhwal  4.
anil kumar  chamoli  5.
dhirendra  pauri garhwal  6.
vikram singh  dehradun  7.
jagdish tomar  dehradun  8.
harsh chauhan  dehradun  9.
sultar singh  dehradun  10.
life singh  dehradun  11.
kalyan singh  dehradun  12.
anil  dehradun  13.
anil  dehradun  14.
sandeep chauhan  dehradun  15.
amit doval  chamoli  16.
ravindra singh  pithoragarh  17.
rohit singh  chamoli  18.
ramkishore singh  chamoli  19.
sajan singh  chamoli  20.
arvind singh  chamoli  21.
om prakash  chamoli  22.
manoj singh negi  chamoli  23.
mahendra lal  chamoli  24.
pankaj singh chamoli  25.
shiva singh  chamoli  26.
ajnash  haridwar  27.
deepesh kumar  tehri garhwal  28.
shubham ghildiyal  tehri garhwal  29.
win singh thakur  dehradun  30.
deepak tema  chamoli  31.
gaurav prasad  dehradun  32.
anup thapliyal  chamoli  33.
rajesh thapliyal  chamoli  34.
narendra lal meson  chamoli  35.
jitendra thapa  dehradun  36.
mahendra singh  chamoli  37.
narendra kumar  chamoli  38.
padmendra bisht  chamoli  39.
alam singh  tehri garhwal  40.
satyapal  chamoli  41.
amit pal  chamoli  42.
kuldeep saini  haridwar  list of missing people of uttar pradesh  1.
chhotu  shravasti  2.
ved light  shravasti  3.
prabhunath rana  shravasti  4.
hari red  shravasti  5.
ajay kumar  shravasti  6.
arjun lal  lakhimpur kheeri  7.
manoj kumar pal  lakhimpur kheeri  8.
santosh kumar  lakhimpur kheeri  9.
satendra kumar  lakhimpur kheeri  10.
jitendra kumar  lakhimpur kheeri  11.
parkab giri  lakhimpur kheeri  12.
pankaj kumar pandey  chandauli  13.
rashid khan  lakhimpur kheeri  14.
raju gupta  lakhimpur kheeri  15.
srikishan  lakhimpur kheeri  16.
jalal hussain  lakhimpur kheeri  17.
bhalabhal  lakhimpur kheeri  18.
awadhesh  lakhimpur kheeri  19.
urphan khan  lakhimpur kheeri  20.
ramvilas  lakhimpur kheeri  21.
jagdish  lakhimpur kheeri  22.
umesh  lakhimpur kheeri  23.
mukesh  lakhimpur kheeri  24.
jaikishan  mirzapur  25.
pramod  lakhimpur kheeri  26.
vinod  lakhimpur kheeri  27.
ramu  mathura  28.
sher singh  shahjahanpur  29.
ranjit giri  lakhimpur kheeri  30.
ramitirtha  lakhimpur kheeri  31.
javed khan  lakhimpur kheeri  32.
islam hussain  lakhimpur kheeri  33.
gaurishankar  lakhimpur kheeri  34.
sher bahadur  lakhimpur kheeri  35.
irshad khan  lakhimpur kheeri  36.
vimalesh  lakhimpur kheeri  37.
dharmendra  lakhimpur kheeri  38.
hiralal  lakhimpur kheeri  39.
suraj kumar  lakhimpur kheeri  40.
arun  lakhimpur kheeri  41.
arjun  lakhimpur kheeri  42.
praveen dhiman  saharanpur  name of missing people of jharkhand  1.
amrit kumar  bokaro  2.
madan mehto  ramgarh  3.
mithilesh mehto  ramgarh  4.
biress mehto  ramgarh  5.
kuldeep kumar mehto  ramgarh  6.
namesh bakla  lohardagaga  7.
astrology bakla  lohardagaga  8.
deepak kujur  lohardagaga  9.
vicky bhagat  lohardagaga  10.
manganu bakla  lohardagaga  11.
sunil bakla  lohardagaga  12.
urvanas bakla  lohardagaga  13.
robber oron  lohardagaga  name of missing people of punjab  1.
sukhwinder  ludhiana  2.
only singh  ludhiana  3.
sukhwinder  ludhiana  4.
kulbir singh  ludhiana  missing people of bihar  1.
munna kumar singh  saran  2.
sonu kumar yadav  saran  3.
naresh das  samastipur  name of nepal s missing people  1.
sohan chaudhary  tikapur  2.
shankar chaudhary  tikapur  3.
vishnu mall  tikapur  missing people of west bengal  1.
ashwhani fibroid  purulia  2.
shubhankar fibroid  purulia  missing people of jammu and kashmir  1.
jitendra kumar  doda  name of disappearance of odisha  1.
nagendra das  bhagarak  posted by  navodit saktawat  click here to read new world e paper  click here to read new world e paper  download new world app   get madhya pradesh  chhattisgarh and all the news of the country  new world e paper  horoscope and many beneficial services  download new world app   get madhya pradesh  chhattisgarh and all the news of the country  new world e paper  horoscope and many beneficial services",uttarakhand disaster उत् तराखंड के चमोली आपदा में लापता 9 राज्यों के 115 लोगों की पहली सूची जारी,uttarakhand disaster the last list of 115 people missing in chamoli
"flipkart free delivery trick 2019 step by step in hindi august 25  2019 by rohit mewada flipkart free delivery trick  agar aap flipkart se shopping karte hai ya kuch kharidna chate hai to aapne dekha hoga 500 rupee se kam ka saman order karne par delivery charge lagta hai.
.
hmh ki iss post me aapko wahi delivery charge kaise bachaye uski jankari dene wale hai.
flipkart par lagbhag sabhi saman mil jata hai or offers ke time to bhari discount bhi mil jata hai.
.
ab agar hamne 100 rupee ka saman order kiya to 40 rupee delivery charge lagta hai jo thoda jada lagta hai.
.
latest flipkart free delivery trick 2019  online free delivery saman magwane ki bhut si trick uplabd hai  par unme jankari tikh se share ki ki gai step my step kaise ye trick work karti hai.
me aapko bilkul tested tarika step by step batane wala hu.
flipkart free delivery trick in hindi flipkart se kuch bhi order kar rahe hai agar wo total 500 rupee se jada hai to hame kisi flipkart free delivery trick ki jarurat nahi hai  usme koi delivery charge nahi lagta.
.
simple flipkart se order place kar sakte hai.
agar 500 rupee se kam ka saman order karna hai jab free delivery trick ki jarurat padegi.
.
example  jese aapko koi product order karna hai jiski kimat 100 rupee hai par usko order karne par 40 rupee extra delivery charge lag rahe hai.
to aesi condition me aapko jo product lena hai uske sath koi dusra product me cart me add karna hai jisse jo total amount hai wo 500 se jada ho jaye.
iss baat ka dhiyan rakhe jo dusra product aap cart me add kar rahe hai wo flipkart assured marked ho.
card me add karne ke baad cash on delivery  cod  se order place kar dijiye or order place karne ke baad jo product aapko chaiye usko chhod kar dusre product ko cancel kar dijiye.
chaliye inn flipkart free delivery trick ko step by step samaj lete hai  step 1  flipkart app download kare.
.
download flipkart app step 2  ab aapko jo bhi product kharidna hai wo cart me add kare.
jese mene lakeme ka ek product add kiya jiski kimat 150 rupee hai step 3  ab koi aesa product search kare jiski kimat mila kar total 500 rupee se jada ho jaye total.
aap niche image me dekh sakte hai muje lakme sun expert chaiye or uske sath mene philips ke bulb bhi add kar diye jinko mila kar total kimat 500 se jada hogai hai  jiske karan jo delivery charge lagna tha wo kam ho gaya.
iss baat ka dhiyan rakhe jo dusra product hai to flipkart assured ho  warna ye trick kaam nahi karegi.
step 3  total card value inr 500  hone ke baad cod se order place kar dijiye.
step 4  order place hone ke baad  jo dusra product aapko nahi chaiye wo cancel kar dijiye.
iss trha aapko 500 rupee se kam ka product bhi bina delivery charge ke mil jayega.
what are the flipkart delivery charges  flipkart par delivery charge alag hai kuch product par 40 to kuch par 50.
.
flipkart se agar aap 500 se jada ka saman order karte hai to aapko koi delivery charge nahi lagega par agar aap 500 se kam kimat ka saman order karte hai to aapko delivery harge lagage.
.
or kitna lagna hai wo aap payment page par aakar dekh sakte hai.
disclaimer  ye trick sirf educational purpose ke liye hai  please aap iss flipkart free delivery trick ko 4 baar se jada use naa kare  warna aapka account block bhi ho sakta hai.
.
agar aapko ye trick use karna hai to aap new account bana kar try kar sakte hai.
categories internet tags app  free  save money  shopping  tricks  website post navigation badiya comment karte samay rakhe in baat ka dhyan  comment tips  android phone me delete ki hui notifications ko kaise recover kare rohit mewada hello friends  i am rohit mewada.
.
hmh ka admin.
muje logo ki help karna acha lagta hai or is website par me logo ki hindi me help karta hu     read more.
.
.
mukesh saini august 25  2019 at 10 21 am nice rohit sir.
maine aapko ek guest post send kiya hai.
aap check kijiyega.
thanks reply rohit mewada september 1  2019 at 6 52 am aapki post jald hi publish hogi.
thanks reply sanju august 25  2019 at 6 09 pm sir  mene ek guest post send kiya hu.
.
internet sei paisa kamane k bademe.
a post kitne din mei published karenge sir reply neha khan august 25  2019 at 8 54 pm aapne bahut hi important jankari is post mein share ki hai.
shukriya share karne ke lie.
reply sarkari media august 25  2019 at 9 15 pm wow      bahut achi trick bataye hai aapne.
.
reply abhishek rajput august 26  2019 at 6 29 pm rohit sir mene yoast seo plugin install ker rkha hai  jo meri post ko seo friendly bta rha hai  fir bhii site per traffic nhii aa rha hai  ek baar meri site visit ker ke meri galtiya btaye reply mina kumari august 27  2019 at 10 24 pm kya bilkul free me product ko buy kar sakte hai reply neeraj september 6  2019 at 12 05 am bahut helpful article sir reply suyash gupta august 9  2020 at 10 49 am sir me aapko guest post bhejuga to kya aap woh publish karoge reply dharmendra rathod august 9  2020 at 10 50 am nice sir achi trick bataye hai aapne.
.
par aaj kal aap post kyo nhi bana rhe ho reply",flipkart free delivery trick 2019 step by step in hindi,flipkart free delivery trick 2019 step by step in hindi
"avinash pandey   navbharattimes.
com   updated  15 jan 2021  1100 am  sanjay raut s wife rai raut  shivsena raut  has returned to madhuri rout to 55 lakh rupees for a friendly loan.
",संजय राउत की पत्नी ने संजय राउत की पत्नी को लौटाए 55 लाख करोड़यों को माफ किया,sanjay raut s wife sanjay raut s wife returned to madhuri
"mobile number me call karke aadhaar card number verify kare january 3  2018 by rohit mewada hello every one  agar aap ek indian hai to shidhi si baat hai aapka aadhaar card to hoga hi  or aapko pata ho hoga government ka aadesh ke aanusar har ek mobile number se aadhaar number link hona jaruri hai.
agar aapne abhi tak apne mobile number me aadhaar number ko verify nahi karaya hai to aapke pass usse sambandit call or message bhi jarur aate hoge.
to chaliye jaan lete hai kaise aadhaar number ko mobile number se link karte hai.
aadhaar ko mobile number se verify karne ka ek tarika to ye hai ki ham kisi dukandar ke pass jaye jo aadhaar number ko mobile se verify karta ho  or usko kuch paise dekar verify kara le.
.
par ek or tarika bhi hai    aadhaar link kare mobile number se  ivrs method  iss tarike se mobile number me aadhaar number verify karne ke liye hame ek number hai uspar call karna hai  or usme jo steps batai jaye unko follow karna hai.
step 1  apne mobile se call kare 14546 par.
call 14546 step 2  ab ek computer generated aabaj aayegi  jisme hame apni language select karne ko kaha jayega.
hindi ke liye 1 dabana hai.
step 3  ab jo hamara aadhaar number hai uski 12 digit enter karke   dabana hai.
step 4  ab jo hamara aadhaar card hai usme jo number add hai  uspar ek otp aayega  wo enter karke   dabana hai.
step 5  iske baad aapke pass conformation ka message aa jayega    to dekha aapne kitni aasani se aap 1 minute me apne mobile number ko aadhaar se link kar sakte hai  hope aapko ye choti par useful jankari pasand aai hogi.
agar aapka koi sabal ya sujab ho to comment karke batana naa bhule  or aapko ye jankari kesi wo bhi bataye.
also read  aadhaar card stutas kaise check kare categories mobile tags aadhaar card  call  mobile  verify post navigation apni bhasa me likhne ka widget website ke liye google hum par kaise rakhta hai najar  google tracking  rohit mewada hello friends  i am rohit mewada.
.
hmh ka admin.
muje logo ki help karna acha lagta hai or is website par me logo ki hindi me help karta hu     read more.
.
.
golu rajput january 3  2018 at 12 03 pm bohot bhdiya jankari he reply rohit mewada january 3  2018 at 12 04 pm thanks  golu reply arjun january 3  2018 at 1 34 pm ye sirf idea ke liye hai kya   jio   airtel me work nahi kiya.
reply rohit mewada january 3  2018 at 1 55 pm brother mene bsnl me kiya hai usme bhi ho gaya.
.
i think ye sabhi ke liye hai  reply golu january 3  2018 at 2 28 pm wlcm reply jyoti sharma january 3  2018 at 3 20 pm rohit bhaiya mere no.
par to otp msg nhi aaya reply rohit mewada january 3  2018 at 3 22 pm aapke aadhaar card me jo number add hai uspar aayega.
.
reply hardeep kumar january 3  2018 at 4 47 pm bhai adsense ctr kaise check karte hai.
kyuke adsense me 2 jagah ctr show hota hai  ek to page ctr aur second performence report me click par click karke ctr show hota hai.
inme se kis ctr ko hame maintain karke rakhna hai mera page ctr 15  se 20  rehta hai aur performence report me jo ctr show hota hai woh 10  ke neeche hota hai toh kya yeh safe ctr hai  aur inme se kaunsa ctr jaruri hai adsense safe rakhne ke liye.
reply rohit mewada january 3  2018 at 6 25 pm aap usko performance me dekh sakte hai.
.
ya aap simple adsense app install kar lijiye mobile me.
.
usme dekh sakte hai.
reply kamal january 3  2018 at 6 21 pm nice post reply rupa kumari january 3  2018 at 7 58 pm aapne kafi achhi post daali hai.
thanks for your post.
reply dharmesh january 3  2018 at 9 39 pm bahut achhi jankari reply deepak kumar january 4  2018 at 1 31 am nice article bro i am your big fan reply hajari prasad january 4  2018 at 7 08 am bahut badiya jankari btai bhai aapne.
bhai muje puchhna hai ki aap adsense ke alawa bhi koi ads use krte ho kya apne blog par   reply rohit mewada january 4  2018 at 7 25 am nahi bhai.
.
par me affiliate program or paid promotion or post bhi karta hu.
reply kamal january 4  2018 at 10 16 am very useful post for all reply sandeep maurya january 4  2018 at 11 02 am sir yeh idead number ke liye bhi hai kya  reply rohit mewada january 4  2018 at 5 13 pm sabhi ke liye hai.
.
reply rishi singh january 4  2018 at 11 35 am bahut achha article hai ye reply anoop bhatt january 5  2018 at 3 09 pm bhut achi post likhi hai aapne bhut kaam ki hai sabke liye reply anoop vaish january 5  2018 at 8 48 pm bahut achhi jankari sir ji aadhar verification ko lekar bahut pareshaniya ho rhi thi reply reitesh kumar january 7  2018 at 12 58 pm nice information  but it is cannot properly work on airtel.
reply nehal january 7  2018 at 6 34 pm yeh bahut hi accha article apne publish kiya hai.
thnku sir… reply mukesh gupta january 8  2018 at 3 06 pm sir aapne bahut badhiya jankari share ki dhanywad.
.
kya aap newspaper mobile theme plugin use kar rhe ho  reply gunin gogoi january 8  2018 at 7 12 pm hello rohit bhai  kya mai aadhar card ke bina zebpay unocoin ka wallet verify kar sakta hoon  kyo ki abhi mere paas aadhar card nahi hai.
aur aas paas koyi aadhar card center nahi hai.
ek aadhar card banne me kitne din lagte hai  reply yadwinder singh january 9  2018 at 11 11 am nice post sir reply madhav netam january 9  2018 at 11 38 am bhai apke is post me step 01 ke niche me call 14645 likha hai ispar click karte hi dail keypad khul jata kaise iska html code batao reply mk rana january 9  2018 at 7 28 pm bina ritelr ke nhi hoga  him apne mobail she nhi kr skte hi reply shabnam khan january 20  2018 at 7 15 pm कर सकते है reply abhishek sinha january 9  2018 at 10 51 pm sir mai apke lea kaam karna chahta hu as a content writer plz call me sir 771    43 reply sumit january 10  2018 at 3 07 am great info sir bahut help mila iss post se thankyou    reply keyurverma january 10  2018 at 3 38 pm okk  sir thank you for help fully article reply rajeev kumar january 10  2018 at 3 47 pm sir mujhe aapka blog bahut pasand aya.
aap apne blog par bahut badhiya jankire share karte ho.
reply hardeep kumar january 10  2018 at 5 58 pm hello bhai meri state bank of india ne recently swift code change kar diya hai.
but meri last month ki adsense payment old swift code par send ho gayi hai.
ab jab main bank me jata hu toh woh kehte hai ke yaha se payment aayi hai waha se pata karo.
but mujhe samjh nahi aa rahi hai main adsense se contact kaise karu maine adsense forum me bhi try kar liya waha se bhi mujhe koi reply nahi mila ab aap hi kuch bataye payment kaise release hogi ja fir adsense me payment refund karwane ka koi tarika hai kya.
reply shailendra kumar january 10  2018 at 6 54 pm nice post sir reply vishwa january 10  2018 at 7 35 pm sir esme kuch conditions v hai n blind logo ke liye.
maine news me padha tha reply abhi january 10  2018 at 11 03 pm nice  thanks for sharing this… reply anoop bhatt january 11  2018 at 3 04 pm hello sir ek help chahiye thi aapki blogging me hame kya karna chahiye yadi ham keyword ko dekh kar post likhte hai to us keyword se bhut si post pahle se internet par hoti hai or yadi ham phir bhi usi keyword par post likhen to kya hame traffic milga reply rusheek january 11  2018 at 4 28 pm भाइ मुझे adobe director सॉफ्टवेयर का फुल वर्जन फ्री में डाउनलोड करना है अगर आपके पास इसे डाउनलोड करने के लिए कोई साइट पता हो या फिर कोई तरीका हो तो प्लीज मुझे बताएं reply hindi study january 11  2018 at 5 25 pm आपने काफी अच्छा पोस्ट लिखा है.
ये आपकी पोस्ट काफी युसफुल है.
धन्यवाद  reply supriyo das january 11  2018 at 11 29 pm bhai  bahut bariya post likha ha apne reply nikhil chaudhary january 12  2018 at 2 00 am bhai… mai aapki site pr 1 saal baad visit kiya hu  ek samay tha jab hmh bahut popular hua krta tha but due to jio aajkal sab youtube use kr rhe h as a visitor aapko suggest krna chahta hu aap bhi youtube par regular videos upload kriye rohit bhai… reply rohit mewada january 14  2018 at 7 54 am thanks nikhil for your valuable feedback.
.
reply jina january 12  2018 at 11 14 am kya mai ye aircel or vodafone ke liye kar sakti hu  reply shabnam khan january 20  2018 at 7 18 pm ha kar sakte hai reply try tech info january 15  2018 at 2 27 pm sir  you will do the promotion of the paid.
reply ritesh kanojia january 21  2018 at 10 12 am thanks rohit sir… its very easy to link number for adhar card… thanks sir reply saim january 29  2018 at 1 49 pm इस पोस्ट से मेरी बहुत हेल्प हो गई.
.
मैंने अभी अभी अपना आधार mobile से लिंक कर लिया है.
.
reply rahman february 27  2018 at 5 05 pm nice artical   keep writing such articles for the readers.
reply rahman february 27  2018 at 5 05 pm nice artical   keep writing such articles for the readers….
reply kunal jadhav march 5  2018 at 7 33 pm bhai aapki new post kab ayegi reply navin bhardwaj may 7  2018 at 12 26 pm superb article   nice  useful information reply anjali may 12  2018 at 12 33 pm mera purana wala mobile number kho gaya hai jiske sath adhar card mera link tha  ab naye mobile number se adhar card kaise link karu   reply pradip mandal july 1  2018 at 6 26 pm rohit mewada.
thanks for the post.
very helpful and informative article reply",mobile number me call karke aadhaar card number verify kare,mobile number me call karke aadhaar card number verify kare
"android mobile app kaise banaye 5 minute me in hindi july 5  2017 by rohit mewada android mobile aaj ke time me sabse jada use hone wala operating system hai smartphone me 90  mobile user android os hi use kar rahe hai.
aap apna android app bana kar google play store par daal sakte hai.
is post me aapko bataya jayega kaise aap apna khud ka andoird app bana sakteh hai bina coding  or programming ke.
android app banane ke liye  online bhut sare tools or sites hai jinki madad se badi aasani se bina coding ke app banaya ja sakta hai.
app banane ke liye simple hame apna account banana hai or apni information fill karke badi hi simple process ke jaruye ham app bana sakte hai.
ye bhi pade  mobile me app install karke paise kaise kamaye  top 6 app  10 android apps bloggers ke mobile me install hona chaiye table of contents  hide   hide  android mobile app kaise banaye 5 minute me in hindi 1.
appsgeyser 2.
mobiloud 3.
ibuildapp 4.
andromo 5.
mobincube 6.
appyet android dovelopement course by google ko join kare android mobile app kaise banaye 5 minute me in hindi android app banane ke liye hame simple andoird app banane wali website ki jarurat hai  uski madad se koi bhi badi aasani se apni jarurat ke hisab se apna app bana sakta hai.
1.
appsgeyser appsgeyser ek number company hai android app banane ke liye bina coding ke.
is website me ham apna app 2 3 minute me bana sakte hai.
is site par ham apna app free me bana sakte hai  par agar hame us app ko playstore me publish karna hai to hame thode paise dene padte hai.
playstore me upload karne ke kitne paise lagte hai wo aap website ke price ke section me dekh sakte hai.
aap app se paise bhi kama sakte hai usme ads laga kar  or agar aapki website hai to aap uske liye bhi app bana sakte hai.
appsgeyser.
com whatsapp se paise kaise kamaye uski jankari in hindi 2.
mobiloud ye wordpress user ke liye hai.
mobiloud ki madad se wordpress site ke liye android app bana sakte hai.
agar aapki wordpress site hai to aap mobiloud ki madad se bina coding ki madad se android app bana sakte hai.
mobiloud.
com whatsapp hack kaise kare or whatsapp hack se kaise bachaye  6 tarike  3.
ibuildapp ibuild app ek or website hai android app banane ke liye bina coding or programing ke.
isme hame bhut sate design milte hai android app ke liye.
aap iski madad se ek professional app bana sakte hai bina coding ke.
ibuildapp.
com hacker se bachne ke liye kya kya kare  10 tips 4.
andromo andromo me koi bhi professional android app bana sakta hai.
isme ham jo app bana sakte hai usko banane me bhut coding ki jarurat padti hai jo ham yaha bina coding ke bana sakte hai.
hamm andromo me app bana kar apna business  event  news ya kuch bhi share kar sakte hai.
isme bhut jaldi or badi aasani se ham android app bana sakte hai.
andromo.
com micro job website se online paisa kaise kamaye in hindi 5.
mobincube mobincube me andoird application bana ek acha edia hai q ki isme ham badi hi aasani se advanced app bana sakte hai smartphone or tablets ke liye bina technical knowlage ke.
agar aap html page use karna chate hai apna khud ka design kiya huaa to aap bhi kar sakte hai.
is site me kuch futures hai jo paise se use kar sakte hai.
mobincube.
com qr code kya hai  kya hota hai is se or kese use karte hai 6.
appyet appyet ki madad se aap ek professional android app bana sakte hai.
isme aapko bilkul bhi programming ki jarurat nahi padegi or aap ek minute me apna phela android app bana kar teyar kar sakte hai.
hame app banane ke liye website ke rss/atom feed ki jarurat padegi  jisko ek badiya android app me badi achi tarike se badal diya jata hai.
app bana kar aap playstore or dure platform par upload kar sakte hai.
.
or ads laga kar ache paise bhi kama sakte hai agar aapke app ko hajaro log download karle to.
appyet.
com internet se paise kaise kamaye full guide in hindi android dovelopement course by google ko join kare agar aap coding sikh kar ek acha android app bana sakte hai  android app banana sikhna chate hai to aap android app developer ko join kare jo free course hai google ke duaara.
aap is course  ko udacity.
com par dekh sakte hai.
free android development coursed by google to friends ab aapko android app kaise banaye or kha banaye ye pata chal chuka hai  or aap inpar badi hi aasani se apna android app bana sakte hai.
hindi me help ka android app yaha se download kare ye bhi pade  internet ki amazing jankari aur interesting fact hindi me 99 topics blog website banane ke liye  full list  101 most usefull website ki jankari hindi me website banane ke liye kya kya chaiye hindi bloggers ke 7 mistakes – new blogger ki galtiya categories mobile  website tags android  app  mobile  website post navigation hmh hack kaise hui or kya badi galti hui google adsense native ads   ab aayege milte julte ads rohit mewada hello friends  i am rohit mewada.
.
hmh ka admin.
muje logo ki help karna acha lagta hai or is website par me logo ki hindi me help karta hu     read more.
.
.
vivek choudhary july 5  2016 at 2 22 pm rohit ji ye websites to acchi hai but inse jo app bante hai uske about me inki company ka ad hota hai.
esi koi site nahi jisme bina kisi ad ke free app bana sake.
reply rohit mewada july 5  2016 at 3 51 pm aap isme ji bana sakte hai.
.
par aapko uske liye pay karna padega reply kavya july 5  2016 at 3 40 pm sir jb aapko kise key comment ka jabab nhi dena toh aap comment box kyu add krty ho apny blog mey.
reply rohit mewada july 8  2016 at 9 33 pm sorry kavya ji.
.
par time ki kami ke karan sabka reply karna possible nahi ho pata.
.
reply sarfraj ali august 23  2016 at 2 57 pm rohit jee mujhe ek cllg k liye ek banani hai yeh project nhi bad mai use krna chahata hu.
.
to ap bta do ki main aisi ap batao ki koi bhi information jaise event ya function apne frnd ko bta sku aur wo us app ko download kre aur pta kr skeske.
.
to aap bta do ki mai free android app kaise banal …details mai puri.
.
plse reply sameerahmad march 15  2017 at 7 06 pm hello sir mujhe ye janana hai jaise mujhe ak aisa aap banana hai jo public ke kaam aa ske lkin main browser aur website ka aap nhi banana chahata hoon jaise ak truecaller aap hai ise ham kya kahenge aap ya softwere isi tarah ka app banan chahta hoon thoda hat me plz help reply dharamsingh july 5  2016 at 5 21 pm hello sir kya website par kuch bhi uploaded kar sakte video ya photo moving ouch bhi reply rohit mewada july 8  2016 at 9 30 pm agar aapke pass hosting hai to aap kar sakte hai.
.
imapge ko ho jati hai par video nahi hoge.
.
par aap wo youtube ki madad se kar sakte hai reply sameerahmad march 15  2017 at 7 05 pm hello sir mujhe ye janana hai jaise mujhe ak aisa aap banana hai jo public ke kaam aa ske lkin main browser aur website ka aap nhi banana chahata hoon jaise ak truecaller aap hai ise ham kya kahenge aap ya softwere isi tarah ka app banan chahta hoon thoda hat me plz help reply rohit mewada september 2  2017 at 11 40 am uske liye aapko iski programming sikhni hogi.
last me post ke uski link di hai.
reply sittu tiwari july 5  2016 at 5 34 pm सर आप जो इमेज यूज़ करते है उसका साइज़ क्या है और आप ने हो टेक्स्ट लिखा है इमेज के ऊपर वो कौन सा एप्प है क्या आप उस की लिंक मुझे दे सकते है reply rohit mewada july 8  2016 at 9 29 pm jo size hai wo 700px width rakhta hu.
.
or jo text likha hai skitch software ki madad se reply vivek choudhary july 5  2016 at 5 35 pm rohit ji please aap ek baar mera blog dekhkar bataiye ki kya kami hai  me seo wagerah acche se follow kar raha hu ya nahi and kuch suggesion dijiye please.
reply rohit mewada july 8  2016 at 9 41 pm aapka blog acha hai.
.
badiya design karke rakha hai aapne.
.
or seo ka aesa hai wo to aap hi dekh saktehai.
.
aapke aalawa or koi thodi dekh sakta.
.
reply sameerahmad march 15  2017 at 6 57 pm rohit aap plz contect kariye 9098204669 reply yuvraj july 5  2016 at 6 11 pm bahut hi achi information h rohit bhai aapne aapke app ke adsense ke ad q nhi lagye bro or aapne apne adsense me ye konsa ad use kr rhe h jo puri display ko cover kr rha h mobile me reply rohit mewada july 8  2016 at 9 31 pm app par ads lage hai par wo net on hone par hio dikhte hai.
.
ada coustom size use kiya hai.
.
jiski width 100  hai reply atta ur rehman october 8  2016 at 7 18 pm hello bro ap mujy app banany ki full information btain ga please          reply sumit july 5  2016 at 6 45 pm sir  ye jo hum apne site ka app banaynge isme hum ads kaise lga paynge jisse hamari earning ho sake.
wo ads sab logo ki mere app pe show ho.
reply rohit mewada july 8  2016 at 9 32 pm haa bilkul.
par agar aapko app ke jariye ads se income karni hai to hajaro lakho log aapke app ko install kare jab kuch income ho sakti hai.
reply manish july 5  2016 at 9 14 pm nice post sir.
reply rohit mewada july 8  2016 at 9 27 pm thanks reply mukesh sharma july 5  2016 at 11 25 pm bahut hi achchi website hai aapki   mai har roj visit karta hu  or aaj to aapnr nahut hi achchi information di hai iske liye thanks  u are a nice parson   achcha kam karte rahe aapka bhi achcha hoga.
mai aapke liye ek guest post likhna chahta hu  aap mujhe email kar de taki mujhe aapki email mil sake or mai aapko guest post send kr saku  ya fir mai guest post aapko whatsapp kar du.
agar mail nahi aaya to mai aapko whatsaap pe bhej deta hu  ok good night brother reply rohit mewada july 8  2016 at 9 36 pm aap guest post karna chate hai to yaha click karke uski information le sakte hai kha or kese send karna hai uski jankari di hui hai reply rohit kumar july 6  2016 at 10 23 am mai aapki theme newspaper use kar rha hu lekin mere blog ki post main page me hi sabhi khuli hui aa rhi hai to ye band kaise hogi jaise ki apke blog ki post aati hai uske baad click karne par poori khulti h reply rohit mewada july 8  2016 at 9 27 pm aap new coustom page banaye or usko home page set karde.
.
reply umesh chavan july 6  2016 at 12 23 pm blogger me unkonwn site se aane wali traffic rok sakate hai kya  agar ha to kaise reply rohit mewada july 8  2016 at 9 26 pm traffic ham nahi rok sakte.
.
reply harpreet kumar july 6  2016 at 1 09 pm apne blog ki android app banane ke best tools bataye hai apne bhai.
thank you.
me bhi apne blog ki app banane ka soch hi raha tha.
abhi jaldi hi apke bataye tools par try karuga reply rohit mewada july 8  2016 at 9 27 pm ji bilkul    reply rohit kumar chaudhry july 6  2016 at 3 55 pm sir wpbakery visual composer plugin ko update nahi kiye to koi problem ho nahi hai na.
or me disable all wordpress updates plugin ka use kar raha hu koi problem to nahi hoga reply rohit mewada july 8  2016 at 9 28 pm usme kya problem… koi problem nahi hogi.
reply nilesh verma july 6  2016 at 7 31 pm rohit ji apne hindimehelp apps kis website ka use karke banaya.
.
reply rohit mewada july 8  2016 at 9 35 pm bro wo mene banbaya hai 5000₹ me reply freemehelp july 6  2016 at 10 33 pm 1.
aap ka app kis par hai free ya paid site par.
2.
aap ka app bahut achchha hai.
3.
kya free app ko google app se jod sakte hai.
reply rohit mewada july 8  2016 at 9 34 pm mene app ko banbaya hai 5000₹ me or haa aap app ko playstore me upload kar sakte hai.
.
aapko platstore me apna account banane ke liye 25  pay karna padega.
.
reply amit chawada september 19  2016 at 4 35 pm bro mene 25  pay kar chuka hu but kuch samj nahi aa raha h apk faile ke karan sara ruka hua h please bata sakte ho aap reply yogendra singh may 8  2017 at 10 56 pm sirji  mujhe song folk songs vedio  audio    ke liye app banana chahta hu.
.
uske liye kya playstore me account bana ke 25  pay karna padega     idi pay karte hai to kya/kuchh profit hoga      sir plzzzzzz bataye reply amit rajwade july 8  2016 at 1 30 pm aur v kuch kuch coding bata sakte hai sr jaise kise ka fb hack kaise kare reply rohit mewada july 8  2016 at 9 26 pm aesi koi coding nahi hoti.
.
or hogi to bhi me to nahi bata paoga.
.
sorry reply freemehelp july 9  2016 at 6 09 pm bhai maine ek aur blog banaya hai aap chek kar ke bataye jisse me is blog se logo ki help kar saku aur hai aap ye bataye kya ye meri soch kam aaayegi   aur ek bat es me aur kya add karu abhi me new ho to aap meri galti mere blog jarur bate.
aur ha meri comment ka jabab dene ke liye thanks rohit b reply param july 24  2016 at 10 36 am android creator se simple app bana sakte he reply pritam kumar august 15  2016 at 8 29 pm hi sir kiya hum mastiway.
com jesi mp3 video.
photo new songs.
upload download karane.
wala website kese banaye meri maddat kare reply nityananda boro august 17  2016 at 12 35 pm rohit ji….
.
ak help kijiye…apne jo post ki related ads show kor rehi o kaise banaye plz help me.
reply suraj barai august 21  2016 at 5 39 pm aapne jaisa app banaya hai waisa app kaise banaye free me….
.
reply suraj barai august 21  2016 at 6 18 pm rohit ji me guest post dena chahta hu reply sarfraj ali august 25  2016 at 12 15 am rohit jee mujhe ek cllg k liye ek banani hai yeh project nhi bad mai use krna chahata hu.
.
to ap bta do ki main aisi ap batao ki koi bhi information jaise event ya function apne frnd ko bta sku aur wo us app ko download kre aur pta kr skeske.
.
to aap bta do ki mai free android app kaise banal …details mai puri.
.
plse reply sarfraj ali august 25  2016 at 12 18 am rohit jee mujhe ek cllg k liye ek application banani hai yeh project nhi hai pr mai usse banana chahata hu.
.
to ap bta do ki main aisi app banao batao ki koi bhi information jaise event ya function apne frnd ko bta sku aur wo us app ko download kre aur pta kr skeske.
.
to aap bta do ki mai free android app kaise banal …details mai puri.
.
plse kaise banaye app reply amit chawada september 19  2016 at 4 33 pm bro muje appko bahut help chaiye reply mamraj sewda september 22  2016 at 9 23 pm rohit ji aapke mobile no.
chahiye reply altaf hussain october 8  2016 at 11 55 am sir mene aek app banaya hai us app per ads bhi aa rahe hai magar ab unse pese kese kamau plz help me reply abbaskhan786 october 12  2016 at 11 06 pm abbas khan sirdar khan akram khan reply rakesh october 25  2016 at 1 22 pm amit mera app donload nhi ho raha hai please check on achhiadvice.
com and please suggest reply dev november 2  2016 at 12 26 am superb p0st reply brajesh mehta november 19  2016 at 11 54 pm sir mene ek app banaya hai but wo khali bana h usme me sayri ya joke dalna chahu to kese dalu muje kuch samaj me nhi aa rha please sir bataiye na puri jankari ke sath reply chanchal kumar december 3  2016 at 4 00 pm aaps bnane k liye kya krna parega thora mujhe v bta skte ….
reply sonu verma december 13  2016 at 3 46 pm sir mai sonu verma hu mujhe bhi mobile app banane ki vidhi bataiye mai aap ka bahut shukergujar rahunga please bata dena your friend sonu reply rohit mewada december 21  2016 at 12 07 pm post me menen us article ki link bhi di hai.
.
aap wo read kare reply pankaj lamba january 31  2017 at 3 38 pm sir 25 me apps playstore me dalne ke bad.
kya jab log download karte hai playstore se to hame bhi kuch earning hoti hai.
ad na chalaye to.
maine suna tha ki 1000 download hone ke bad fir milta hai download kitne h us adar par.
reply rohit mewada january 31  2017 at 7 36 pm nahi  download karne ka kuch nahi milta.
.
reply prahalad february 11  2017 at 9 47 pm sir  mera app hi nai bna h in wbsite se plz hlp me kya m apni soch k anusaar app bna skta hu.
.
m logo ki mdd krna cahta hu app ki sahta se social work pz help me reply sameerahmad march 15  2017 at 6 52 pm hello sir mujhe ye janana hai jaise mujhe ak aisa aap banana hai jo public ke kaam aa ske lkin main browser aur website ka aap nhi banana chahata hoon jaise ak truecaller aap hai ise ham kya kahenge aap ya softwere isi tarah ka app banan chahta hoon thoda hat me plz help reply rohit mewada march 18  2017 at 8 43 am iske liye aapko khud se programming karni hogi.
.
aap in websites ki help se nahi bana sakte.
.
aap phele khud se search kare i kya aap hai jo kar sakte hai jisse logo ko help ho.
fir usko appkaise bana sakte hai uska plan.
.
reply sunil march 18  2017 at 6 58 pm ek app par hum kitna load de sakte hn.
ek gps support krne wale app me hum kitna load or dal sakte hn jo size me bhi kam ho or app me full security ke liye kya kya kiya jata h kya hum kisi app ko ek nischit area me hi dikhne ke liye play store pr dal sakte hn  sir ye sab jankari kr de please reply sunil matwa march 18  2017 at 7 03 pm sir main ek app bna rha hu jisme gps system hoga to kya m us app pe or load bhi dal sakta hu jese chatting ka ya hotel booking ka ek app me hum maximum kitna data dal sakte hn  app ko secure bnane ka tarika  or kya hum humara app install krne ka bhi kisi tarh se user ko pesa de sakte hn.
please sir in ke jwab jrur dijiyega thanx reply rohit mewada september 2  2017 at 11 43 am iske liye to aapko khus se design karna aana chaiye.
.
reply arun march 23  2017 at 7 34 pm sr ease app kese bnega reply rohit yogi march 26  2017 at 1 01 pm comment  mujhe bulding line ki app bnani hai reply kumar march 26  2017 at 9 41 pm rohit bhai in sabme appyet sabse badhiya plateform h or iski banai app ka lookbhi proffesional h ise jarur try karna chahiye.
ye asam or simple step me complete hone vala h jo asani se apke blog ki app bna deta h reply rohit mewada april 13  2017 at 6 16 pm yup  sahi kaha aapne reply kaise kare    april 3  2017 at 11 04 pm sir app jo apps banaya.
hai.
aur post upload kiya kaise plz help me….
.
reply rohit mewada april 24  2017 at 11 24 am aapko publiser account banana padega playstore me.
.
25 charge lagega.
.
account banane me.
.
reply nitin sachdeva april 9  2017 at 1 38 pm bahut hi achhi jankari share ki aapne reply rohit april 20  2017 at 12 33 pm comment  reply nikhil jain april 29  2017 at 1 27 am aap konsi site se app bnane ko recommend krenge  aur agar ads lgayenge to kya 100  hume milega ya fir km milega  reply rohit mewada may 1  2017 at 10 47 am 100  nahi milta.
.
or aap sabme tri karke dekh sakte hai.
.
jiska design aapko tikh lage aap use kar sakte hai.
reply lalu may 20  2017 at 11 53 pm sr.
hmko android ticker app banana hain kaise baniye please help me  reply mohd waris may 29  2017 at 2 22 pm sir mai ek social site bnana chahta hu jaise fb or whatsaap etc.
hai ye bnane ke liye mujhe kya karna hoga reply rohit mewada may 30  2017 at 12 39 pm brother aapko iske liye to coding or programing ka acha knowlage hona jaruri hai.
reply monu june 2  2017 at 10 26 am ser appsgyer website se agar hum app bana kar play store par daalte be to jab hamari us app se income hogi to kya usme se kuch present appsgyer website ko bhi dena padega reply rohit mewada june 2  2017 at 2 56 pm brother.
income ads se hoti hai.
.
to agar aap appsgyer se free app banate hai to unke ads aayege.
.
reply monu june 2  2017 at 5 36 pm mera matlab he kya ye site kuch charge legi hamari income se reply rohit mewada june 3  2017 at 12 29 am nahi brother.
.
reply suraj amb june 9  2017 at 11 24 pm comment sir mujhe fb or whatsapp type app bnana h kaisai bnau kya sir m apps ke dwara paisai kma sakta hu reply rohit mewada september 2  2017 at 11 42 am uske liye aapko khud se design karna sikhna hoga.
reply pinkal kumar june 18  2017 at 8 42 am sar sab paisa pay karna hota h tb app banta h free website do na sar please help me sar please sar please sar please please please reply gul hameed june 24  2017 at 6 21 am main app bana li he download kese karo appgasayer per reply rohit mewada september 2  2017 at 11 39 am last me download ke liye aata hai.
reply gul hameed june 24  2017 at 6 29 am main app bana li he download kese karo appgasayer per pleese help reply rohit mewada september 2  2017 at 11 41 am last me aata hai download ka option reply shivaay singh june 26  2017 at 8 04 am hello sir.
aap bahut hi acchi post publish karte hai.
jis se bahut kuch sekhne ko milta hai.
sir kya app ko playstore me free me add kar sakte hai ya ye service paid hai.
plz help.
reply rohit mewada september 2  2017 at 11 41 am 25  lagte hai ek war.
reply shivaay singh june 26  2017 at 8 31 am hello sir.
aap bahut hi acchi post publish karte hai.
jis se bahut kuch sekhne ko milta hai.
sir kya app ko playstore me free me add kar sakte hai ya ye service paid hai.
plz help reply rohit mewada september 2  2017 at 11 39 am aapko one time 25  pay karna hoga.
reply asad arain august 8  2017 at 2 10 pm bahi kya yeh sites free hai ya humy khuch charge karna padhe ge wesy achi post hai yeh reply rohit mewada august 11  2017 at 10 08 pm free hai or paid version bhi hai.
.
jisme thode jada option milte hai.
.
aap try karke dekhe.
.
reply ankit kumar august 16  2017 at 9 05 pm bhut badiya jankari hai or sari websites best hai bhai.
reply satyam tiwari august 21  2017 at 11 36 am sir mera nam satyam tiwari hai mai kanpur ka rahne wala hu sir app banane me description kaise banaye aor web site bhi kaise banaye reply rohit mewada september 2  2017 at 11 39 am website kaise banaye uski jankari yaha hai.
reply hitesh august 22  2017 at 11 01 am good reply rohit kumar sk august 30  2017 at 12 44 pm hello reply mayur september 2  2017 at 10 13 am sir mujhe sirf addmob ke liye app banani hai  uske liye kaise banau   kyunki bs mere pass addmob account hai sirf reply rohit mewada september 2  2017 at 11 38 am wo to ads hai.
.
aap wo inme add kar sakte hai.
.
reply mayur september 2  2017 at 10 14 am or sir app bnakr install kaise hogi reply rohit mewada september 2  2017 at 11 37 am last me download karne ke liye aayega.
.
waha se.
.
reply vishal september 8  2017 at 1 43 am bhai kush queries hai 1.
off page seo se per day maximmum se maximum traffic kaise generate karte hai.
fully guide kare.
2.
kya aap apni har post ko whatsapp par share karte ho.
yes to to kitne group aur freinds me.
3.
kya fb page se post ko paid karke boost kar saketa hai jaise har post par option aata hai boost your post.
kya isse adsense par effect padenga.
kya adsense isse policy breack hongi reply rohit mewada september 8  2017 at 12 03 pm 1  iske liye aap off page seo ko samje usme hota kya hai.
.
2  nahi  me nahi karta.
.
mere hisab se whatsapp time ki barbadi hai.
.
3  fb par mene kuch post ki jo mera laga bhoost.
.
reply vishal september 8  2017 at 11 46 pm bhai third number ka reply aadhe me rah gaya hai.
last query blog ke liye primary traffic source kya hona chahiye organic traffic ya social media reply rohit mewada september 13  2017 at 6 03 pm organic agar aap adsense use karte hai.
.
or agar affiliate program to target traffic aap social network se bhi le sakte hai.
.
reply sultan singh september 15  2017 at 8 27 pm rahit ji kya website ka apps banakar aap me adsense ke ads show karwana chaiye.
mene apke android app me dekha apke apps me adsense ka khoi add nhi hai.
reply rohit mewada september 15  2017 at 8 30 pm bhai wo adsmob hai.
.
apps ke liye google ke.
reply sultan singh september 16  2017 at 2 53 pm rohit bhy apne coding ke duwara app banaya hai.
ya kisi website ke jariye… reply rohit mewada september 16  2017 at 3 28 pm bhai mene apne friend se banbaya hai.
.
reply satish patidar september 28  2017 at 9 52 am hello sir muje help chaiye muje bhi ek app bnana h or usko play store pr apdet krna he mera kid ka ek news portal he bhut app nhi he plz help sir reply shweta negi november 2  2017 at 9 46 pm rohit ji  bahut badhiya post banayi hei ye apne.
mein kafi time se soch rahi thi mobile app banane ki.
thanks.
but rohit ji ye bataiye ki app banne ke bad uske downloads kese badhenge.
reply rohit mewada november 3  2017 at 11 16 am app download ke liye aapko usko promote karna hoga.
.
aap apni website me uska link add kar sakte hai.
.
fb page me download link add kar sakte hai.
.
reply abhishek kumar mishra november 4  2017 at 5 47 pm rohit ji hamne apna app ko banaya par vo app so kaha par karega plz bata sakte hai reply rohit mewada november 4  2017 at 5 49 pm aap direct link apni site par de sakte hai.
.
jisse waha se log download kar paye.
.
ya aap playstore me bhi upload kar sakte hai.
reply ankita jaiswal november 17  2017 at 10 36 am sir  agar hum upar diye hue tools se android app develop karte hai to kya android application playstore mein dalne ke liye 1 time fees charge hoti hai ya yearly fees deni hoti hai.
reply mushtaq ahmed november 18  2017 at 11 02 am play store me app applaud karne kewaste paise kitne lagte hain reply rohit mewada december 1  2017 at 7 20 pm uska account banane ke liye 25  lagte hai.
.
uske baad aap kitne bhi app upload kar sakte hai.
reply mahesh upadhyay november 30  2017 at 2 00 pm bhai maine app banaya hai par ek problem hai back karo to pura back hota hai maine browser banaya hai jab kisi bhi site me visit karta hu back karo to pura back ho jata hai please batao kya karna chahiye reply rohit mewada december 1  2017 at 6 52 pm iske liye aapko uska instruction add karne hoge.
reply chandan december 1  2017 at 12 53 pm nice post i have a blog i want to make an of my blog reply jabran december 13  2017 at 10 52 am rohit mewada apki post boht best thi reply atul december 18  2017 at 11 27 am website kaise banate hai tumare jaise reply rohit mewada december 18  2017 at 6 41 pm wordpress par bana sakte hai.
.
uske ware me mene bataya hai aap site me search kare.
.
reply mohammad firoz alam december 23  2017 at 10 47 pm sir aap mera aaps bana do ge hame v aaps ban na hai pls contact me 9504208182 aap v apne number do sir mai call karta ho reply naresh thakor december 24  2017 at 1 13 am bhot hi accha jankari share kiya hai aapne android apps ke bare me reply piyush december 29  2017 at 12 29 pm muje vehicle ki jankari ka app banana he sir plus help me reply kuldeep singh january 18  2018 at 8 47 am bahut achi post hai rohit sir reply vikky january 31  2018 at 4 14 pm ap ye bataiye add mob  add sence  add word me kya diffrence he ye kha use hota he.
reply rohit mewada january 31  2018 at 6 55 pm tino alag alag hai bhai.
.
ad kon mobile app par ad lagane ke liye hai.
.
adsense website me ad lagane ke liye hai.
.
adword google ke jariye apna advertisement karane ke liye hai.
reply sandeep tak january 31  2018 at 7 54 pm bhut achi jankari share ki hai apne apke artical bhut helpfull hai thanks for share amazing info.
.
reply ammar jaan march 2  2018 at 1 12 pm rohit ser ek help chaiye kya aap karege    mane apps gyser website se 3 apps creat kiye khud ke 2 apni website ke aur ek game ka aur weh download ho bi jate r instal but jb bi mai unko open karta hu kuch bi nahi hota waha only blank khali sab koi game nahi r stop ho jate kiya problem hai ser iski kaha par kami reh gayi     reply ammar jaan march 2  2018 at 1 22 pm hello rohit ser ek jawab doge aap mera    reply ammar deep march 2  2018 at 3 39 pm hello rohit ser ek jawab doge aap mera help chaiye muje koi reply rudra datt dvivedi april 9  2018 at 2 12 pm game ek app banana hea jis trah ola hea ubar hea usi trah karmkand nam se jo ilaka me brhmd hea usi eriya se locket kar pandit mil jaye kya khach padega reply prashant dubey july 11  2018 at 4 13 pm very nice reply vijendra february 16  2019 at 12 52 pm aap me ad laga sakte hai kya reply ujjwal vaish march 4  2019 at 10 55 am hii i m big fan of yours and your post is really so nice reply ujjwal vaish march 4  2019 at 11 45 am i always read ur post it is really so nice reply pramod kumar may 9  2019 at 10 54 am thank.
very much reply appok february 6  2021 at 12 35 pm best company for mobile app development at very affordable cost reply",android mobile app kaise banaye 5 minute me in hindi,how to create android mobile app kaise banaye 5 minutes me hindi in hindi
"google amp kya hai   accelerated mobile pages ke fayde nuksan july 18  2017 by guest author friends aaj is post me mai aapko bataunga google ke ek new project ke baare me jisko naam diya gya hai google amp / google  accelerated mobile pages.
google amp kya hai  amp ko kis liiye bnaya gya hai  and google amp use karne ke kya fayde hain or google amp use kaise kare.
agar aap nahi jante ki google accelerated mobile pages kya hai to is post ko padhne ke baad aap achi tarah se samajh jayenge ki google amp kya hai.
table of contents  hide   hide   1 google amp  kya hai    2 google amp work kaise karta hai   1.
amp html 2.
amp js 3.
amp cache  3 google ne amp ko kyu create kiya    4 google amp se seo par kya effect padta hai    5 google amp ke advantages  फायदे   6 google amp ke disadvantages  नुकसान   7  google amp other information conclusion  1 google amp  kya hai   amp google ka ek open source project hai jise publishers/bloggers/website owners ke liye bnaya gya hai.
amp ki help se har koi website owner apni site me mobile optimized contents create kar sakta hai jo ki sabhi devices  phone  tablet  me fast load ho jata hai.
ham sabhi jante hai ki aaj ke time me smartphone ek popular device hai and har koi smartphone ko sabse jyada use me lata hai.
websites me aane vala mostly traffic bhi mobile devices se hi aata hai.
isiliye google ne apna new project amp start kiya because website ka loading time se bhi uske traffic par bahut jyada affect padta hai.
google ka amp project ko start karne ka main goal ye hi hai ki vo apne users ko ek best mobile experience de sake and kisi bhi type ki website har kisi mobile device me bahut ki kam time me load ho jaye taaki users ko site open hone ke liye wait na krna pade.
google amp product manager ke according ek amp coded page ka load time 0.
7 seconds hota hai jabki non amp pages ko open hone me maximum 22 seconds lagte hain jiske karan site ke traffic bahut hi low ho jata hai.
2 google amp work kaise karta hai   google amp ek open source framework hai  basically ye html ka faster version hai jise amp html kaha jata hai.
amp pages ko javascript se optimize  css3 se customize kiya jata hai and sabhi amp pgaes cached hote hai yaniki jab bhi website me amp pages enable hote hai to website ko open karne par site ke sirf main contents hi load hote hai jisse site fast load ho jati hai.
amp page me jitne bhi extra widgets hote hai wo load nahi hote  usse site ki speed bhut fast ho jati hai.
amp ko 3 parts me divided kiya gya hai.
1.
amp html amp html bhi ek html language ki tarah hai but amp html ko customize karke tyaar kiya gya hai.
amp html page me bhi regular html tags add kiye gye hai but kuch html tags ko amp specific tags se replaced  kiya gya hai.
ex.
img  ko  amp img  se replace kiya jata hai  in custom tags ko amp html components ka name diya gya hai.
2.
amp js amp js library ka work amp html pages ko fast render  प्रस्तुत  karne ka hai.
3.
amp cache amp cache ek proxy based delivery network hai jiska work amp pages ko deliver karne ka hota hai.
amp cache amp html pages ko fetch and cache karke pages ki performance ko automatically improve karta hai.
3 google ne amp ko kyu create kiya   google ka amp project ko start karne ka main maksad ye hi hai ki users ko ek fast load speed dena chahte hain because aaj ke time me google ka other search engines se ek serious competition hai and agar google apne users ko search result ke through kisi website ko access karne ke liye ek best speed deta hai to google easily apne market share ko maintain kar sakta hai.
amp create karne ka other reason logon ko mobile web ki taraf attract karna hai.
because google ki khud ki kuch top mobile installed apps hain joki unke market share ka bhi source hai isliye jitne jyada mobile users increase honge utna hi benefit google ko bhi milega.
4 google amp se seo par kya effect padta hai   amp search engine ranking factor nahi hai and agar aap apni website me amp use karte hai to search ranking me aapko kuch jyada fayda nahi hoga because search ranking ko better karne ke liye aapko sabhi factors ko follow karna hoga jo ranking ko increase karne me helpful hote hain.
but agar ham baat kare website ke seo ki to speed matter karti hai because agar aapke site ki loading speed best hai to traffic bhi best hi hoga and aapke site me organic traffic increase hoga.
amp ke faster load ki help se site ka traffic and bounce rate bhi kam hoga.
search engine optimization ke liye website ka responsive/fast loading hona bahut jaroori hai and google amp ka work hi website ko responsive bnane ka and fast load ka hai.
so amp ko use karne se site ke seo par bhi good effect padega.
5 google amp ke advantages  फायदे  google amp mobile users ke liye bahut hi faydemand hai because amp pages enable sites ka load time and performance non amp sites se better hota hai and ham jante hai ki 70  people mobile se hi web surfing karte hain.
agar koi site open/load hone me bahut time leti hai to koi bhi us website ko open karna pasand nahi karta.
amp ki help se user easily website ko surf kar leta hai.
website ki performance and load time better hone se website ka organic traffic increase hota hai joki publishers ke liye ek good income generate karne ka best source hai.
6 google amp ke disadvantages  नुकसान   google amp project ads ko support karta hai it means amp pages me aap ads ko bhi add kar sakte hain but amp ke use se mobile se hone vala revenue limited सिमित   ho jata hai because amp pages only main contents ko hi load karta hai joki ek bahut hi bada disadvantage hai.
amp google analytics ko bhi support karta hai but analytics ko amp me add karne ke liye different tags ki requirement hoti hai jinhe pure amp pages me implement karna hota hai jisme bahut saara time lagta hai.
7  google amp other information google amp project ke baare me kuch aur janne ke liye ampproject.
org google amp demo dekhne ke liye g.
co/ampdemo conclusion google amp abhi new project hai  jisme abhi bhut se problems bhi hai jinko sahi kiya ja raha hai.
.
to aese me agar aapko coding ki sahi janakari nahi hai to aap khus se kuch bhi code edit karke amp implement naa kare.
.
agar aapka blog wordpress par hai to aap amp plugin ko install karke kar sakte hai.
or agar blogger part hai to aap blogger amp template use kare.
mai aapko recommend karunga ki aap apne site ke pages  about us  contact us  par amp ko implement kare esa karne se aapke site ki search engine ranking me improvement hoga.
guest author bio  mera name atul hai and me www.
kyuaurkese.
com ka owner hu.
maine abhi engineering complete ki hai and part time blogging bhi karta hu jisme mai online money making ideas  internet tips  blogging  seo ke bare me regular post share krta hu agar aapko bhi guest post karna hai to uski jankari yaha hai.
categories blogging tags amp  google  guest post post navigation blog post ko schedule kaise kare automatic publish hone ke liye 4 tips productive professional writers ke liye guest author this is a guest post on hindi me help ravi kumar july 18  2017 at 2 29 pm 3 month pahle maine use kiya bust iska add problem se hata diya bahut badhiya aapne aaj iske bare me post likha reply rohit mewada july 18  2017 at 10 40 pm brother.
.
abhi kuch errors hai.
.
ummid hai google unko jald hi fix karege.
.
reply mohammad ali july 18  2017 at 5 45 pm bro ye site check kare reply raj july 18  2017 at 6 28 pm rohit bhai apne likhna kuch km kr diya hai aap himmat n hare sabhi apke sath hain reply rohit mewada july 18  2017 at 10 39 pm nahi brother.
.
himmat haar jaye ham unme se nahi.
.
wass abhi thoda dusre kaam me jada busy hu.
.
baki jald hi aapko badiya article milna start hoge.
.
reply shailesh chaudhary july 18  2017 at 6 56 pm rohit bhai  mai jitne bar amp use karta hu.
utne bar traffic kam ho jata hai aur web master tool me amp bahut kam index bhi kar rha page ko reply rohit mewada july 18  2017 at 10 35 pm brother jitni war se kya matlab hai.
.
aap wordpress me to plugin install kar dijiye aapka kaam khatam.
.
baki google me index hone me thoda time lagta hai.
.
reply virat july 18  2017 at 6 59 pm this is very good information for new blogger  thanks for sharing this.
.
reply rishabh july 19  2017 at 12 23 am bahut hi accha post hai bhai reply ramanand mehta july 19  2017 at 12 56 am rohit sir   atul sir google amp ke baare me achhe se bataya hai aapne   es post me aapne amp use karne ke fayde aur nuskan dono ko bata diya ye mujhe achha laga.
thanks for sharing this knowledgeful post    hindiblogger reply afridee july 19  2017 at 10 20 am rohit bhai mai godaddy se domain renew kar raha tha us samay mere account se balance kaat liya gaya lekin domain renew nahi hua tha aur ab 1 month ho chuke hai lekn mera balance wapas nahi hua hai mane bhut bar call bhi kiya lekin godaddy wala aaj kal subah saam kah kar bahana banate rahte hai.
so aap meri kuchh help kar sakte ho.
reply rohit mewada july 19  2017 at 10 27 am brother.
.
agar wo khe rahe hai to wapas karege.
.
baki isme direct kuch nahi kar sakte.
.
haa agar nahi kare.
.
to ab call karke ye bhi bol dena.
.
agar nahi karna hai to direct khe dijiye.
.
reply deepesh july 19  2017 at 1 43 pm sir wordpress blog ke liye badiya theme bataye jisse pnb atm card se purchase kiya jaa sake reply avinash chauhan july 19  2017 at 2 24 pm best and useful article.
main bhi try karke dekhta hun.
thanks for sharing rohit… reply sumit mishra july 19  2017 at 5 29 pm mai kisi bhi site checker tool me apna blog dalta hu to ‘no data available kyu ata hai.
reply rashid ansari july 19  2017 at 5 43 pm sir me kemri me rahta hun ye uttar pardesh me hai me yahan ke bank of baroda ka swift code nahin pata kar pa raha hun plz aap bata dijiye reply fawad ch july 19  2017 at 11 27 pm sir very best…  amp me sir ik problem ya hai kih jo user proxy use karte hai kisi waja se to is per opne nahi hoti kuch pahle me kproxy.
com use karta to aap ke site open nahi hoti.
per mene ik aut site cheack kya amp wala wo be open nahi hote… but ja proxy ko remove kya tab site open hwa… reply dharm july 20  2017 at 9 36 am me google me kisi site ke title me amp dekhta to sochta tha iski vajah se hi yaha site rank hue hai lekin aapne sara dought hi clear kardiya thanx sir you are greate    reply pradhuman july 20  2017 at 9 51 am kya hum google se download kiya huwa copyright image youtube par use kar sakte hain    kya koi copyright strick to nahi aaiga    reply yasir july 20  2017 at 11 28 am awesome post seo ke hisab se to sahi hai lekin isey earning par fark padta hai    reply rohit mewada july 21  2017 at 6 58 pm earning par fark padega hi agar ads ki location or use change hoge to.
.
reply ravi sharma july 20  2017 at 1 43 pm hello rohit sir    kaafi accha samjhaya hai apne amp ke bare me.
mera 1 question hai jab mai apne blog me amp use karta hu to google webmaster me pata nhi errors kyu aane lag jate hai reply rohit mewada july 21  2017 at 6 57 pm agar amp ke kuch error hogi to error to batayega hi.
.
aapko wo samajni hogi kya error hai fir unko tikh karna hoga.
.
mere me bhi bhut error thi jo mene waha se dekh kar sahi ki.
reply rikki singh july 20  2017 at 2 27 pm nice and complete information… article read karke bahut hi achhha laga reply kavyansh july 20  2017 at 8 06 pm hi sir mera naam kavyansh hai maine abi apny new blog khila hai jo wordpress par hai mey abhi ess field mey new ho.
aapse ek help chaiye isliye comment kr rha ho.
sir mere blog customer care number pr hai mujhe apne blog ki post key kuch mey text ads lagani hai kya aap bta skty hai ads ka code kha paste kro jo ads post key bich mey dikhy reply sushil july 21  2017 at 12 11 am रोहित भाई मुझे गेस्ट पोस्टिंग करनी है आपकी वेबसाइट पर कृपया इसका प्रोसेस बतायेंगे  मेरी वेबसाइट है dailyvirtualassistants.
com reply rohit mewada july 21  2017 at 6 56 pm guest post ki jankari aapko yaha milegi.
.
aap ye link website ke last me bhi dekh sakte hai.
reply rupendra azad july 21  2017 at 8 13 am nice post rohit bhai theem kyo change kardi bhai reply rohit mewada july 21  2017 at 12 23 pm nahi brother.
.
newspaper theame hi hai.
.
uske mobile version ko hataya hai.
.
reply umesh july 21  2017 at 8 23 am kya blogger ke liye amp available hai.
reply rohit mewada july 21  2017 at 12 22 pm amp sabhi par empliment kar sakte hai.
.
par wordpress me jese plugin install karke kar sakte hai aesa blogger me nahi kar sakte.
.
isme hame puri coding karni padegi.
reply rahul july 21  2017 at 11 36 am ekdam nayi jankari reply rabin thapa july 21  2017 at 11 54 am great guest post.
thank you bahoot badiya jankari deney k liye.
reply rohaan july 21  2017 at 2 59 pm  hi bahut hi achi jaankari hai mujhe abhi tak blogger me amp configure karna nahi aaya hai aur maine iske bare me bahut research bhi kiya hai par mujhe kuch samjh nhi aaya hai agar aapko pata ho to ek post iske bare me bhi likhiye.
reply rohit mewada july 21  2017 at 6 47 pm wordpress me to amp ke liye plugin hai.
.
simple usko install karke amp enable kiya ja sakta hai.
blogger par abhi muskil hai.
reply kamlesh july 21  2017 at 4 20 pm useful information about amp.
sir mere blog ko check kijiye aur kuch tips dijiye plz.
reply yasir khan saqlaini july 21  2017 at 4 31 pm bhai maine amp lagaya tha blog par.
lekin ads show nahi ho rahe the amp lagane ke baad.
ab maine usko hata diya hu.
par ab bhi kuch posts me amp show raha hai.
kya karna chahiye.
reply rohit mewada july 21  2017 at 6 48 pm wp for amp plugin install kare.
.
usse aap amp ki bhut si setting kar sakte hai.
.
ads bhi wahi se lagege.
.
reply yasir khan saqlaini july 21  2017 at 4 32 pm sorry for 2nd comment.
mujhe ye bhi pata karna hai ki onesignal kaise lagate hain.
reply rohit mewada july 21  2017 at 6 47 pm wordpress par aap inki plugin install kar skate hai.
reply bs.
gusain july 21  2017 at 4 50 pm nice information   thank you reply rahul das july 22  2017 at 9 03 am sir article bohot acha laga.
but  mujhe aap ye bataye k kya amp version use jarne me faida hai.
.
normal mobile version se koi nuksan to nahi.
reply rohit mewada july 22  2017 at 9 56 am mobile version me bhut si aesi chije bhi load hoti hai.
.
par amp me only article jiski baja se wo bhut fast load hota hai.
.
par kam chije load hoti hai usse jese widget load nahi hote to thoda wo nuksan hai.
.
reply rahul das july 22  2017 at 10 16 am very nice information sir.
ye bohot jaruri jankari hai.
thanks for sharing.
reply fawad ch july 22  2017 at 12 05 pm sir meri commint ko delete q kya … maine try kya that kih amp wala blog koe proxy per open nahi hota just for importation…  btaya sir sorry sir reply rohit mewada july 23  2017 at 4 23 pm brother mene koi copmment delete nahi kiya.
.
bhut se comment abhi pending me hai.
.
aapka purana comment bhi pending me hoga.
.
proxy ka jo aap puch rahe hai to usme bhi hoga.
.
usse koi fark nahi padta reply kavish jain july 23  2017 at 10 38 pm sir amp version ko blogger par kaise setup kare ….
because my site is on blogger reply pawan july 30  2017 at 8 49 pm sir maine amp plugine ko use kar ke deactive kar diya tha.
par mere website ka search result amp ke saath aa rha hai aur open karne pe error so ho rha hai.
kya ye khud sahi ho jayega ya phir iske liye kuch karna padega.
reply priya september 14  2017 at 2 56 am very nice and useful reply rohit mewada september 14  2017 at 8 33 am thanks reply pradeep november 1  2017 at 2 45 pm helllo sir google amp page ke error ko theek kaise kare.
please write this article reply rohit mewada november 3  2017 at 11 24 am uske liye aap google search console me check karege to waha batate hai kya problem hai.
.
uske liye aapko coding ka knowledge hona jaruri hai.
.
reply dharmendra vishwakarma november 7  2017 at 3 48 pm agar me bus kewal meri 5 post ko amp karu to ho payega ya sabhi ek sath hogi reply rohit mewada december 1  2017 at 7 26 pm haa aap kar sakte hai.
reply keyurverma december 19  2017 at 10 54 am but sir website par bhot saari image jo you wuse open hone me thodi de lagti wuse visiter ko kaafi problem hoti he reply keyurverma december 19  2017 at 10 56 am good sir but yeh uc browser me kaam nahi karta he reply makkhan may 26  2018 at 1 54 pm sir agar amp use krege to speed to increase ho jta hai but ad nahi aaega to earning kaise hoga.
reply rohit mewada may 26  2018 at 2 45 pm amp ke ad code alag hote hai hai.
.
wo lagana padege.
.
reply pankaj kumar december 9  2018 at 12 14 pm bhai kya aap bata sakte hain ki aapne kaun sa amp plugin use kiya hai reply rohit mewada december 9  2018 at 6 25 pm wpforamp reply aman jaiswal february 6  2019 at 8 48 pm blogger me amp template ko kaise lga sakate h aur kaise set up karenge is par sir article likhiye ya video banaye n plzzzz reply",google amp kya hai ⚡ accelerated mobile pages ke fayde nuksan,google amp kya hai accelerated mobile pages ke fayde nuksan
